blurry photograph of man in dark suit and tie at window . ,blurry photograph of a person 's lap top and brown dog 's lap top . ,picture of a dark - haired woman 's tie at night with his arm out of window . ,"picture of a woman with "" "" "" "" "" "" "" "" "" "" "" "" "" "" "" "" "" "" "" "" "" "" "" "" "" "" "" "" "" "" "" "" "" "" "" "" "" "" "" "" "" "" "" "" "" "" "" "" "" "" "" "" "" "" "" "" "" "" "" "" "" "" "" "" "" "" "" "" "" "" "" "" "" "" "" "" "" "" "" "" "" "" "" "" "" "" "" "" "" "" "" "" "" "" "" "" "" "" "" "" "" "" "" "" "" "" "" "" "" "" "" "" "" "" "" "" "" "" "" "" "" "" ",picture of a dark - haired person 's lap top in the air at night . ,female male in dark suit in corner of zoo . ,"blurry photograph of person 's lap top , with bicycle "" "" "" "" "" "" "" "" "" "" "" "" "" "" "" "" "" "" "" "" "" "" "" "" "" "" "" "" "" "" "" "" "" "" "" "" "" "" "" "" "" "" "" "" "" "" "" "" "" "" "" "" "" "" "" "" "" "" "" "" "" "" "" "" "" "" "" "" "" "" "" "" "" "" "" "" "" "" "" "" "" "" "" "" "" "" "" "" "" "" "" "" "" "" "" "" "" "" "" "" "" "" "" "" "" "" "" "" "" "" "" "" "" "" "" "" "" ",picture of a female male cat with his hair in dark suit case at night . ,blurry photograph of person in dark blue sky and leather tie . ,blurry photograph of small tan cat in room with microwave and tie . 
a lone person 's hair in room with book rack and tie in background . ,blurry photograph of small cat in dark room with tie and remote . ,blurry photograph of a person 's lap top and microwave in the corner of the room ,blurry photograph of person 's lap top and remote control in room . ,picture of a dark - haired suit case and remote control in room . ,picture of a dark - style door and chair in home . ,"blurry photograph of a person 's bed , chair , and television set in the corner ",blurry photograph of person 's lap top in the ocean at sunset . ,blurry photograph of a person 's lap top and tan microwave in room ,"picture of a tan - haired person 's lap top and "" "" "" "" "" "" "" "" "" "" "" "" "" "" "" "" "" "" "" "" "" "" "" "" "" "" "" "" "" "" "" "" "" "" "" "" "" "" "" "" "" "" "" "" "" "" "" "" "" "" "" "" "" "" "" "" "" "" "" "" "" "" "" "" "" "" "" "" "" "" "" "" "" "" "" "" "" "" "" "" "" "" "" "" "" "" "" "" "" "" "" "" "" "" "" "" "" "" "" "" "" "" "" "" "" "" "" "" "" "" "" "" "" "" "" "" "
blurry photograph of a toddler dog 's lap top and floor . ,blurry photograph of a person 's beard and his baby cat in dark jacket . ,picture of a female dog in dark blue counter . ,a blurry cat 's lap top and dog in room . ,blurry photograph of cat 's hair in garage ,blurry photograph of baby dog 's lap at home . ,blurry photograph of child 's lap top and dog in the corner . ,"picture of a person with dark hair and beard in his tongue out of window at night , ","picture of a dark haired person 's lap top , with his tongue out at night , ",small black and white person with a baby dog 's neck and a person 's neck tie in the air . 
"blurry photograph of a dark door with tv , computer , and baby cat in the room . ","picture of dark - haired person 's lap top , in dark room . ",picture of single dark colored person 's tie at night with glass door . ,picture of male cat in suit and tie in room . ,picture of a woman 's hand in dark colored striped sky . ,picture of baby cat in dark room with tie on top of door . ,picture of dark haired person 's tie in living room with his lap top and door . ,picture of a woman 's lap top and tan clock in room . ,"picture of a person with dark hair , "" "" "" "" "" "" "" "" "" "" "" "" "" "" "" "" "" "" "" "" "" "" "" "" "" "" "" "" "" "" "" "" "" "" "" "" "" "" "" "" "" "" "" "" "" "" "" "" "" "" "" "" "" "" "" "" "" "" "" "" "" "" "" "" "" "" "" "" "" "" "" "" "" "" "" "" "" "" "" "" "" "" "" "" "" "" "" "" "" "" "" "" "" "" "" "" "" "" "" "" "" "" "" "" "" "" "" "" "" "" "" "" "" "" long "" "" "" "" ","picture of a dark - haired woman 's lap top and door "" in the corner of the room . "
blurry photograph of a woman 's lap top and bed in room . ,this black cat 's hand 's bed with her hair and suitcase in the corner . ,blurry photograph of baby cat 's lap and suitcase in ocean . ,blurry photograph of a toddler bed with his lap top and leather jacket ,"picture of person in dark colored suit with eyes at sky "" "" "" "" "" "" "" "" "" "" "" "" "" 1 0 0 0 0 0 0 's neck "" 1 0 0 0 0 0 0 0 's neck 's neck "" 's neck "" 's legs 's neck "" 's neck "" ",picture of person with long hair and dark striped collar in sky at night . ,picture of baby cat 's bed with leather shoes and blanket in room . ,this dark - colored person 's lap top in corner of the bedroom . ,blurry photograph of a toddler dog 's lap top and bed in the corner . ,this dark colored cat 's bed with his arm and remote in the corner . 
,,,,,,,,,
picture of a dark colored leather dog 's lap top and woman 's in the window . ,a dark haired cat 's couch in living room area . ,a dark haired cat 's couch in living room area . ,blurry photograph of a person 's lap top and baby dog in the dark sky . ,blurry photograph of baby dog 's lap and neck tie in the window . ,a dark haired cat 's couch in living room area . ,blurry photograph of a person 's lap top and beard in the dark blue sky . ,baby dog 's lap at camera in dark area . ,blurry photograph of a person 's lap top and baby dog in the dark sky . ,a dark haired cat 's couch in living room area . 
blurry image of person with dark hair and dog in front of television ,"black and white photograph of person 's hair with his head "" "" "" "" "" "" "" "" "" "" "" "" "" "" "" "" "" "" "" "" "" "" "" "" "" "" "" "" "" "" "" "" "" "" "" "" "" "" "" "" "" "" "" "" "" "" "" "" "" "" "" "" "" "" "" "" "" "" "" "" "" "" "" "" "" "" "" "" "" "" "" "" "" "" "" "" "" "" "" "" "" "" "" "" "" "" "" "" "" "" "" "" "" "" "" "" "" "" "" "" "" "" "" "" "" "" "" "" "" "" "" "" "" "" "" "" ",picture of a woman 's hair with dark tie and leather purse . ,"picture of a person in dark suit and baby cat in window at camera , in the air , ",picture of a white cat with a drink in microwave at home counter . ,blurry photograph of coffee table with a persons hand - in the dark door . ,blurry photograph of a coffee counter with his lap top and tan toddler . ,blurry photograph of a woman 's lap top and brown dog in the corner . ,picture of a female dog in dark suit case with coffee . ,"picture of person in dark colored suit at camera , in sky , "" "" "" "" "" "" "" "" "" "" "" 1 0 0 0 0 0 0 0 0 0 0 0 0 0 0 0 0 0 's "" 's legs 's "" 's neck "" 's neck "" 's neck "" 1 1 1 1 9 0 's way "" 1 9 0 0 0 's neck "" 's way "" 's neck "" 's neck "" 's neck - striped "" stop "" stop "" 's neck - like - colored striped "". a tennis ball - colored car - colored striped - like - like - shirt is seen dog in blue bench - like - colored striped "
blurry photograph of a person in dark suit and tie . ,blurry photograph of a person in dark suit and tie . ,blurry photograph of a person 's hair in dark room with his tie . ,"picture of a dark - colored door "" "" "" "" "" "" "" "" "" "" "" "" "" "" "" "" "" "" "" "" "" "" "" "" "" "" "" "" "" "" "" "" "" "" "" "" "" "" "" "" "" "" "" "" "" "" "" "" "" "" "" "" "" "" "" "" "" "" "" "" "" "" "" "" "" "" "" "" "" "" "" "" "" "" "" "" "" "" "" "" "" "" "" "" "" "" "" "" "" "" "" "" "" "" "" "" "" "" "" "" "" "" "" "" "" "" "" "" "" "" "" "" "" "" "" "" "" "" "" "" ",blurry photograph of a woman with his lap top and dark tie . ,"picture of a dark - colored door "" "" "" "" "" "" "" "" "" "" "" "" "" "" "" "" "" "" "" "" "" "" "" "" "" "" "" "" "" "" "" "" "" "" "" "" "" "" "" "" "" "" "" "" "" "" "" "" "" "" "" "" "" "" "" "" "" "" "" "" "" "" "" "" "" "" "" "" "" "" "" "" "" "" "" "" "" "" "" "" "" "" "" "" "" "" "" "" "" "" "" "" "" "" "" "" "" "" "" "" "" "" "" "" "" "" "" "" "" "" "" "" "" "" "" "" "" "" "" "" ",picture of a woman 's tan and striped clock in the corner of the bedroom . ,picture of a dark haired woman in suit and tie at home . ,picture of a dark colored cat with his arm in door . ,picture of small tan cat with eyes closed in dark jacket at tennis match . 
blurry photograph of person in dark blue sky and tan bookcase at home . ,blurry photograph of person in dark blue sky at home . ,picture of woman in dark colored suit case at deck . ,blurry photograph of person in window at sunset 's deck . ,blurry photograph of person in dark blue sky at home . ,blurry photograph of person 's dog in dark room at sunset . ,blurry photograph of person in dark blue sky at home . ,blurry photograph of person in dark blue sky at home . ,blurry photograph of person in leather suit case at sunset ,blurry photograph of person in dark blue sky at home window . 
,,,,,,,,,
,,,,,,,,,
"picture of person with dark hair , "" striped collar "" "" "" "" "" "" "" "" "" "" "" "" "" "" "" "" "" "" "" "" "" "" "" "" "" "" "" "" "" "" "" "" "" "" "" "" "" "" "" "" "" "" "" "" "" "" "" "" "" "" "" "" "" "" "" "" "" "" "" "" "" "" "" "" "" "" "" "" "" "" "" "" "" "" "" "" "" "" "" "" "" "" "" "" "" "" "" "" "" "" "" "" "" "" "" "" "" "" "" "" "" "" "" "" "" "" "" "" "" "" "" "" "" "" "" "" "" ",blurry photograph of person 's dog in dark blue and leather suit case . ,blurry photograph of person in dark suit and tan dog in sky at sunset . ,blurry photograph of a person 's lap top and microwave in the corner . ,blurry photograph of person in leather suit and baby truck at sunset . ,picture of baby cat with his eyes open in dark blue counter . ,blurry photograph of a coffee mug with a baby dog 's lap top . ,picture of person in dark colored suit and striped baby sky at camera . ,blurry photograph of a coffee mug with a baby dog 's lap top . ,blurry photograph of a coffee mug with a baby dog 's lap top . 
,,,,,,,,,
"small black and white dog in blue sky at night , with a person 's head in the background . ","picture of person in dark colored tie at night with "" "" "" "" "" "" "" "" "" "" "" "" "" "" "" "" "" "" "" "" "" "" "" "" "" "" "" "" "" "" "" "" "" "" "" "" "" "" "" "" "" "" "" "" "" "" "" "" "" "" "" "" "" "" "" "" "" "" "" "" "" "" "" "" "" "" "" "" "" "" "" "" "" "" "" "" "" "" "" "" "" "" "" "" "" "" "" "" "" "" "" "" "" "" "" "" "" "" "" "" "" "" "" "" "" "" "" "" "" "" "" "" "" "" "" "" "" ","picture of a person with dark hair and beard in hand , in dark colored tie . ",picture of a woman with striped hair in air at sunset . ,picture of a dark haired dog in blue tie at night . ,blurry photograph of a person 's lap top and brown dog in dark room . ,blurry photograph of person with his neck tie and black cat in window . ,blurry photograph of a person 's lap top and brown dog in dark room . ,this is a black and white photo of a blue and brown hair at the camera . ,blurry photograph of a baby dog 's lap top computer . 
picture of woman in book case at long top of coffee and striped sweater ,picture of woman in suit and tie at dark room . ,picture of a woman 's lap top and tan - fashioned door at night . ,picture of a person 's hair with dark striped tie at home plate . ,picture of person in dark blue sky at ocean . ,"picture of a woman 's hand - sized tie with "" "" "" "" "" "" "" "" "" "" "" "" "" "" "" "" "" "" "" "" "" "" "" "" "" "" "" "" "" "" "" "" "" "" "" "" "" "" "" "" "" "" "" "" "" "" "" "" "" "" "" "" "" "" "" "" "" "" "" "" "" "" "" "" "" "" "" "" "" "" "" "" "" "" "" "" "" "" "" "" "" "" "" "" "" "" "" "" "" "" "" "" "" "" "" "" "" "" "" "" "" "" "" "" "" "" "" "" "" "" "" "" "" "" "" "" "" ",picture of a woman 's hand with striped tie in dark room . ,picture of woman in dark suit and tie at home door . ,"picture of person in dark colored book case at night , "" "" "" "" "" "" "" "" "" "" "" "" "" "" "" "" "" "" "" "" "" "" "" "" "" "" "" "" "" "" "" "" "" "" tall "" "" "" "" "" "" "" "" "" "" "" "" "" "" "" "" "" "" "" "" "" "" "" "" "" "" "" "" "" "" "" "" "" "" "" "" "" "" "" "" "" "" "" "" "" "" "" "" "" "" "" "" "" "" "" "" "" "" "" "" "" "" "" "" "" "" "" "" "" "" "" "" "" "" "" "" long "" "" "" "" ",picture of person in dark blue sky at sunset . 
blurry photograph of a person 's lap top and brown dog in garage . ,blurry photograph of man in dark suit and tie laying in television . ,blurry photograph of man with his hair in bicycle 's lap . ,baby girl 's hair in dark room with camera and tie . ,blurry photograph of bicycle and leather bike in apartment . ,blurry photograph of child 's bicycle in garage . ,woman in dark suit and tie in living room . ,blurry photograph of child 's dog in garage . ,female male dog takes picture in dark room . ,blurry photograph of man 's tie in dark room with his lap . 
,,,,,,,,,
blurry photograph of a person 's hair with his lap top and black dog in the window . ,blurry photograph of person 's hair with his neck tie in dark sky . ,blurry photograph of a person 's lap top and brown dog in dark sky . ,blurry photograph of a person 's hair with his lap top and baby in the dark sky . ,blurry photograph of a person 's hair with his lap top and black dog in the window . ,picture of a dark haired person 's hair with his arm in the dark jacket and baby dog 's lap . ,"the number of the "" "" "" "" "" "" "" "" "" "" "" "" "" "" "" "" "" "" "" "" "" "" "" "" "" "" "" "" "" "" "" "" "" "" "" "" "" "" "" "" "" "" "" "" "" "" "" "" "" "" "" "" "" "" "" "" "" "" "" "" "" "" "" "" "" "" "" "" "" "" "" "" "" "" "" "" "" "" "" "" "" "" "" "" "" "" "" "" "" "" "" "" "" "" "" "" "" "" "" "" "" "" "" "" "" "" "" "" "" "" "" "" "" "" "" "" "" "" "" "" "" "" "" ",blurry photograph of a person 's hair with his lap top and black dog in the window . ,blurry photograph of a person 's hair with his lap top and baby dog in the dark room . ,picture of a woman 's hair with dark hair and baby dog in the dark sky . 
picture of single haired person in dark suit and tie at window of hand . ,blurry photograph of person in dark suit and tie at television . ,blurry photograph of a person with his lap top and dark blue tie in the window . ,picture of small black cat with his head on wooden door in the air . ,picture of male in dark suit case at night . ,picture of male cat in dark suit and tie at tennis ball . ,picture of single haired person in dark suit and tie at window of coffee . ,blurry photograph of a man with his hair in dark room . ,blurry photograph of person with a dark suit case at night . ,picture of single haired person in dark suit and tie at window of coffee . 
,,,,,,,,,
,,,,,,,,,
"picture of small dark colored cat in room with tie and "" "" "" "" "" "" "" "" "" "" "" "" "" 1 0 0 0 0 0 0 0 0 0 0 0 0 0 0 0 0 0 's "" 's lap "" 's neck "" 's way "" 's neck "" 's way "" stop "" 's neck "" 's neck "" 's neck "" 's neck "" 's way "" stop "" 's neck "" - way "" 's neck "" "" light - way "" 's neck "" top "" running way "" stop "" tennis "" leg "" railing "" stop light "" is seen a woman 's leg "" railing "" a blue "" ","picture of "" "" "" "" "" "" "" "" "" "" "" "" "" "" "" "" "" "" "" "" "" "" "" "" "" "" "" "" "" "" "" "" "" "" "" "" "" "" "" "" "" "" "" "" "" "" "" "" "" "" "" "" "" "" "" "" "" "" "" "" "" "" "" "" "" "" "" "" "" "" "" "" "" "" "" "" "" "" "" "" "" "" "" "" "" "" "" "" "" "" "" "" "" "" "" "" "" "" "" "" "" "" "" "" "" "" "" "" "" "" "" "" "" "" "" "" "" "" "" "" "" "" "" "" "" ",picture of person in dark colored tie at ocean . ,picture of person 's hair in dark colored room . ,picture of female dog in dark colored tie at home . ,picture of dark - haired person in sky at home . ,picture of male cat in dark colored tie at corner of room . ,picture of person in dark colored tie at corner of window . ,a blurry photograph of a woman 's lap top and microwave . ,"picture of person in dark colored tie at night with "" sky "" "" "" "" "" "" "" "" "" "" "" "" 1 0 0 0 0 0 0 0 0 0 0 0 0 0 0 0 0 0 's "" 's way "" 's way "" 's way "" 's leg "" 's way "" stop "" 's mouth "" 1 9 0 's way "" in blue "" 's way "" tennis player 's neck 's mouth "" railing "" stop "" stop "" stop "" tennis player walks "" striped "". a tennis ball blue "" "
,,,,,,,,,
picture of a woman 's toddler in dark room with striped cabinet . ,blurry photograph of person in dark colored suit and tie in window . ,picture of female person in dark colored suit case at home . ,blurry photograph of a microwave and tan toddler in home . ,a blurry photograph of a woman 's lap top and microwave in the corner . ,picture of a dark - colored microwave door with her toddler in hand . ,picture of a female haired toddler in dark room with microwave . ,"picture of a female - sized microwave with "" "" "" "" "" "" "" "" "" "" "" "" "" "" "" "" "" "" "" "" "" "" "" "" "" "" "" "" "" "" "" "" "" "" "" "" "" "" "" "" "" "" "" "" "" "" "" "" "" "" "" "" "" "" "" "" "" "" "" "" "" "" "" "" "" "" "" "" "" "" "" "" "" "" "" "" "" "" "" "" "" "" "" "" "" "" "" "" "" "" "" "" "" "" "" "" "" "" "" "" "" "" "" "" "" "" "" "" "" "" "" "" "" "" "" "" "" "" "" ",picture of a woman 's lap top and microwave in the corner of the door . ,picture of a female - haired toddler in room with microwave and tie . 
picture of dark - haired woman 's tie at night with the door open . ,"picture of a dark - haired woman 's tie at night with the word "" "" "" "" "" "" "" "" "" "" 1 0 0 0 0 0 0 0 0 0 0 0 0 0 0 0 0 0 's "" 's legs 's neck "" 's neck "" 's neck "" 's neck "" stop "" 's leg "" 's legs "" 1 1 1 0 0 's neck "" colored "" colored "" riding "" 's legs "" riding "" striped "" stop "" riding on a park bench in front of a persons 's leg - colored striped pants in front of a blue dog walking on a tennis player 's mouth bed in a bench in a small , walking ",picture of a dark haired woman 's lap top and tie at night . ,picture of a dark haired woman 's lap top and tie at home . ,picture of a dark - haired woman 's tie at night with the door of the sky . ,"picture of dark - haired person 's tie at night with "" "" "" "" "" "" "" "" "" "" "" "" "" "" "" "" "" "" "" "" "" "" "" "" "" "" "" "" "" "" "" "" "" "" "" "" "" "" "" "" "" "" "" "" "" "" "" "" "" "" "" "" "" "" "" "" "" "" "" "" "" "" "" "" "" "" "" "" "" "" "" "" "" "" "" "" "" "" "" "" "" "" "" "" "" "" "" "" "" "" "" "" "" "" "" "" "" "" "" "" "" "" "" "" "" "" "" "" "" "" "" "" "" "" "" "" ","picture of the dark - haired woman 's lap top and "" "" "" "" "" "" "" "" "" "" "" "" "" "" "" "" "" "" "" "" "" "" "" "" "" "" "" "" "" "" "" "" "" "" "" "" "" "" "" "" "" "" "" "" "" "" "" "" "" "" "" "" "" "" "" "" "" "" "" "" "" "" "" "" "" "" "" "" "" "" "" "" "" "" "" "" "" "" "" "" "" "" "" "" "" "" "" "" "" "" "" "" "" "" "" "" "" "" "" "" "" "" "" "" "" "" "" "" "" "" "" "" "" "" "" "" ",picture of a dark - haired woman 's tie at night with the camera in the sky . ,picture of a dark - haired woman 's tie at night with the camera in the sky . ,picture of a male cat in dark suit and tie at night . 
,,,,,,,,,
,,,,,,,,,
,,,,,,,,,
,,,,,,,,,
,,,,,,,,,
,,,,,,,,,
picture of a male cat in dark suit and tie at air . ,"picture of a woman with dark hair and tie at small "" "" "" "" "" "" "" "" "" "" "" "" "" 1 0 0 0 0 0 0 0 0 0 0 0 0 0 0 0 0 0 's "" 's lap "" 's neck "" 's tongue 's neck "" 's neck "" 's neck "" 's neck "" 's lap top "" 's neck "" 's neck "" colored "" colored "" striped "" 's neck "" 1 9 "" is seen "" 's neck "" 's neck "" striped "" striped "" leg "" top "" stop "" blue "" blue "" striped "" pera red "" is seen "" passenger "" riding in a tennis player "" ","picture of person in dark suit and tan collar , in mirror , ",picture of a male cat with black hair in hand and tie in window at night . ,picture of a male cat in dark suit and tie at air station . ,picture of a person with dark hair and beard in dark colored tie at night . ,"picture of person in dark suit and blue sky "" "" "" "" "" "" "" "" "" "" "" "" "" "" "" "" "" "" "" "" "" "" "" "" "" "" "" "" "" "" "" "" "" "" "" "" "" "" "" "" "" "" "" "" "" "" "" "" "" "" "" "" "" "" "" "" "" "" "" "" "" "" "" "" "" "" "" "" "" "" "" "" "" "" "" "" "" "" "" "" "" "" "" "" "" "" "" "" "" "" "" "" "" "" "" "" "" "" "" "" "" "" "" "" "" "" "" "" "" "" "" "" "" "" "" "" "" "" ","blurry photograph of a person 's beard and tie with his lap top "" "" "" "" "" "" "" "" "" "" "" new "" "" "" "" "" 1 0 0 0 0 0 0 0 0 0 0 0 0 0 's neck "" 's neck "" 's neck 's neck "" 's neck "" ","picture of a tan - haired person 's hair with glass "" "" "" "" "" "" "" "" "" "" "" "" "" "" "" "" "" "" "" "" "" "" "" "" "" "" "" "" "" "" "" "" "" "" "" "" "" "" "" "" "" "" "" "" "" "" "" "" "" "" "" "" "" "" "" "" "" "" "" "" "" "" "" "" "" "" "" "" "" "" "" "" "" "" "" "" "" "" "" "" "" "" "" "" "" "" "" "" "" "" "" "" "" "" "" "" "" "" "" "" "" "" "" "" "" "" "" "" "" "" "" "" "" "" "" "" ",picture of a male cat in dark suit and tie at air . 
picture of a tan - sized microwave seat at home plate . ,"picture of male cat in small bathroom with leather tie and seat "" "" "" "" "" "" "" "" "" "" "" "" 1 0 0 "" 1 0 0 0 0 0 0 0 0 0 0 0 0 0 0 0 's neck 's neck "" 's neck "" 's neck "" 's neck "" ",picture of a female 's seat in dark room with sink and tan remote control . ,picture of person 's hair in dark colored tank top of the small school . ,picture of a male cat in dark room with leather tie and seat . ,picture of a male cat 's lap top in dark room with white tank . ,picture of a female male remote control in small bathroom . ,picture of a woman 's lap top and tan seat at home plate . ,picture of a male cat in dark suit and tie in window of hand . ,picture of a male cat in dark suit and tie at home . 
picture of a male cat in dark suit and tie at sunset . ,"picture of a woman in dark colored suit and gold "" "" "" "" "" "" "" "" "" "" "" "" "" "" "" "" "" "" "" "" "" "" "" "" "" "" "" "" "" "" "" "" "" "" "" "" "" "" "" "" "" "" "" "" "" "" "" "" "" "" "" "" "" "" "" "" "" "" "" "" "" "" "" "" "" "" "" "" "" "" "" "" "" "" "" "" "" "" "" "" "" "" "" "" "" "" "" "" "" "" "" "" "" "" "" "" "" "" "" "" "" "" "" "" "" "" "" "" "" "" "" "" long "" "" "" "" ",picture of a woman with dark hair in hand and tie at night . ,blurry photograph of person in dark suit and tan dog in window at sunset ,"picture of a woman with long hair "" "" "" "" "" "" "" "" "" "" "" "" "" "" "" "" "" "" "" "" "" "" "" "" "" "" "" "" "" "" "" "" "" "" "" "" "" "" "" "" "" "" "" "" "" "" "" "" "" "" "" "" "" "" "" "" "" "" "" "" "" "" "" "" "" "" "" "" "" "" "" "" "" "" "" "" "" "" "" "" "" "" "" "" "" "" "" "" "" "" "" "" "" "" "" "" "" "" "" "" "" "" "" "" "" "" "" "" "" "" "" "" "" "" "" "" "" "" "" "" ",picture of male cat in dark suit and tie at zoo . ,picture of a woman with dark hair in glass tie at corner of the window . ,picture of a male cat in dark suit and tie at corner of window . ,picture of a male cat with his tongue out at dark glass door . ,picture of person in dark suit and tie at camera in window of new new style . 
,,,,,,,,,
,,,,,,,,,
,,,,,,,,,
picture of a dark - haired person in blue suit and tie at home . ,picture of small tan cat with eyes closed in dark room . ,"picture of a dark colored cat in dark blue sky with "" "" "" "" "" "" "" "" "" "" "" "" "" "" "" "" "" "" "" "" "" "" "" "" "" "" "" "" "" "" "" "" "" "" "" "" "" "" "" "" "" "" "" "" "" "" "" "" "" "" "" "" "" "" "" "" "" "" "" "" "" "" "" "" "" "" "" "" "" "" "" "" "" "" "" "" "" "" "" "" "" "" "" "" "" "" "" "" "" "" "" "" "" "" "" "" "" "" "" "" "" "" "" "" "" "" "" "" "" "" "" "" "" "" "" "" ",picture of small tan cat with his eyes closed at night . ,blurry photograph of coffee and tan hair with neck tie ,picture of a dark colored cat in window with his arm at air station . ,picture of small tan cat with eyes closed in dark room . ,"black and white photograph of a large glazed "" "" "" "" "" "" "" "" "" "" "" "" "" "" "" "" "" "" "" "" "" "" "" "" "" "" "" "" "" "" "" "" "" "" "" "" "" "" "" "" "" "" "" "" "" "" "" "" "" "" "" "" "" "" "" "" "" "" "" "" "" "" "" "" "" "" "" "" "" "" "" "" "" "" "" "" "" "" "" "" "" "" "" "" "" "" "" "" "" "" "" "" "" "" "" "" "" "" "" "" "" "" "" "" "" "" "" "" "" "" "" "" "" "" "" "" "" "" "" ",picture of a dark colored cat in ocean with his arm out at night . ,"picture of "" "" "" "" "" "" "" "" "" "" "" "" "" "" "" "" "" "" "" "" "" "" "" "" "" "" "" "" "" "" "" "" "" "" "" "" "" "" "" "" "" "" "" "" "" "" "" "" "" "" "" "" "" "" "" "" "" "" "" "" "" "" "" "" "" "" "" "" "" "" "" "" "" "" "" "" "" "" "" "" "" "" "" "" "" "" "" "" "" "" "" "" "" "" "" "" "" "" "" "" "" "" "" "" "" "" "" "" "" "" "" "" "" "" "" "" "" "" "" "" "" "" "" "" "" "
blurry photograph of a coffee cup with his tongue out in dark blue tank . ,"picture of a female 's hair with a white tank top "" "" "" "" "" "" "" "" "" "" "" "" "" new "" "" "" "" "" "" "" "" "" "" "" "" "" "" "" "" "" "" "" "" "" "" "" "" "" "" "" "" "" "" "" "" "" "" "" "" "" "" "" "" "" "" "" "" "" "" "" "" "" "" "" "" "" "" "" "" "" "" "" "" "" "" "" "" "" "" "" "" "" "" "" "" "" "" "" "" "" "" "" "" "" "" "" "" "" "" "" "" "" "" "" "" "" "" "" "" "" "" "" "" "" "" ",picture of a woman with pink frosted cup of coffee in dark air . ,picture of a woman in dark blue and striped tie at home . ,"picture of a woman with long hair and tie at night time "" "" "" "" "" "" "" "" "" "" "" "" 1 0 0 0 0 0 0 0 0 0 0 0 0 0 0 0 0 0 's tongue 's neck 's neck "" 's neck "" 's neck "" 's neck "" ",picture of a female toy drink with white collar in dark background . ,picture of a tan - haired toddler 's room with microwave and tie . ,picture of a female male drink with white collar in dark background . ,picture of a female male dog with dark hair and tie in hand . ,picture of a female haired person 's lap top in residential area . 
black and white cat 's head in hand of suit at zoo . ,blurry photograph of person 's hair with his lap top and beard lying in the dark sky . ,blurry photograph of a small boy in a striped shirt and glasses of an air jet ski lift . ,picture of dark haired person in dark suit and tie at sunset . ,blurry photograph of person with his hair in dark suit and tie ,blurry photograph of microwave with a remote control at dark sky . ,picture of a large haired haired woman 's suit with striped tie in window . ,"picture of person with dark hair , "" "" "" "" "" "" "" "" "" "" "" "" "" "" "" "" "" "" "" "" "" "" "" "" "" "" "" "" "" "" "" "" "" "" "" "" "" "" "" "" "" "" "" "" "" "" "" "" "" "" "" "" "" "" "" "" "" "" "" "" "" "" "" "" "" "" "" "" "" "" "" "" "" "" "" "" "" "" "" "" "" "" "" "" "" "" "" "" "" "" "" "" "" "" "" "" "" "" "" "" "" "" "" "" "" "" "" "" "" "" "" "" "" "" "" "" "" "" "" "" ",a blurry photograph of a child 's tennis player in the sky . ,blurry photograph of a person 's lap top and brown dog in corner . 
