a wall with the other ,a table ,the wall of a single ,a chair ,a couch ,window of open ,table with a ,a table that has been used ,a refrigerator ,a wall of the 
"wall with the side of a wall , one of the other ","wall with the side of a wall , one of the other ",some door . ,the wall of a cluttered and - fashioned cabinet ,some kind of door . ,"wall with the side of a wall , one of the other ",some door . ,window of an open window ,"wall with the side of a wall , one of the other ",a wall with it 
rug that is very large and rug ,a floor of a room of the floor ,a rug that is very long and floor ,a floor of a floor of a flat - over ,a floor of a floor of a flat - over ,a bicycle ,a floor of a floor of a new ,a floor of a floor of a flat - over ,a floor of a floor of a flat ,a floor of a floor of a flat - over 
a shelf of the cabinet ,a television ,a curtain ,a curtain ,a shelf of the cabinet ,a tv ,the cabinet of the electronic equipment in park . ,a cabinet of the door ,a bicycle ,a wall with the word 
a couch ,a bed ,a couch ,a bed ,a bed ,a bed ,a bed ,a bed ,a rug that is very long and ,a bed with some sheets 
,,,,,,,,,
a couch ,a couch ,a couch ,a couch ,a bicycle ,a couch ,the cabinet of a cluttered cabinet ,a couch ,a couch ,a couch 
a table that has been used ,a table ,a counter with the wall ,a table ,a table ,a wall with the door open ,a back ,a table with the top ,a table ,a table 
some kind of door that is door . ,some kind of door that is door . ,a few mirror in it . ,some kind of door that is door . ,some kind of door that is door . ,some door that has been made and door ,some kind of door that is door . ,some kind of door that is door . ,some kind of door that is door . ,some kind of door that is door . 
window of open ,window of open ,window of open ,window of open ,window of open ,window of open ,window of open ,window of open ,window of an open wall with the other ,window of open and window 
,,,,,,,,,
,,,,,,,,,
a wall with the word ,a sink ,the corner of a wall ,a counter ,a counter ,a counter ,a counter ,a counter ,the wall of a single wall ,a counter 
,,,,,,,,,
a table with the top ,a floor of a table ,a table ,a table with it ,a table ,a floor of the room ,a chair ,a table with it ,a curtain ,a table 
the cabinet of a cabinet ,a shelf that has been used ,a book ,the cabinet of a cluttered floor ,a couch ,"the wall of a single , and other wall ",a book in the back of the night ,a book with a number of books ,a book with the top ,a book with the top 
a curtain ,a curtain ,a curtain ,a bicycle ,a bicycle ,a curtain ,a curtain ,a curtain ,a curtain ,a curtain 
,,,,,,,,,
a bed ,a person with it ,a wall with the back ,a bed with some back ,a wall ,a bed ,a wall with the bottom of it ,a bed ,a person with it ,a bed 
a light of wall ,a few mirror that is by ,a door that has some kind of door ,a mirror with some kind of stuff . ,a light of wall ,a few things in a mirror ,a few mirror of it ,a window with all the side ,a few things in a mirror ,a door with some kind of door 
,,,,,,,,,
,,,,,,,,,
ceiling that is hanging from ceiling ,ceiling that is hanging in the ceiling ,the ceiling of a lot of ceiling ,the ceiling of a lot of ceiling ,ceiling that is hanging in the ceiling ,ceiling that is hanging from ceiling ,ceiling that is being flown in a ceiling ,the ceiling of a ceiling ,ceiling that is hanging from ceiling ,ceiling that is hanging in the ceiling 
,,,,,,,,,
the cabinet of the electronic equipment in park . ,a refrigerator ,a refrigerator ,a refrigerator ,a refrigerator ,a floor of an open refrigerator ,a refrigerator ,"the wall of a wall with a single , ",a refrigerator ,a refrigerator 
a tv with the back ,a tv ,a tv ,a tv ,a tv ,a tv ,a tv with the back ,a tv ,a tv ,a tv 
,,,,,,,,,
,,,,,,,,,
,,,,,,,,,
,,,,,,,,,
,,,,,,,,,
,,,,,,,,,
the table of a ,table with the top ,the wall of a single ,a table that has been used ,a rug that is ,the table ,the wall of a single ,the end of a table ,table with it ,table with it 
a toilet ,a toilet ,a toilet ,a toilet ,a wall with the lid ,a wall with the lid of it ,a toilet ,a toilet ,a toilet ,a wall with the lid of it 
a toilet ,a sink ,a door ,a wall of it 's ,a wall of it ,a toilet ,a toilet ,a sink ,a toilet ,a sink 
,,,,,,,,,
,,,,,,,,,
,,,,,,,,,
some kind of door . ,some kind of door . ,a door that has some kind of door ,a light of ,some kind of door . ,some kind of mirror . ,some kind of door . ,a wall that has been cut and door ,some kind of mirror . ,a door that has some kind of wall 
a wall of the ,a toilet ,a table ,a floor of a room ,a toilet ,a toilet ,a floor of the floor ,table with it ,a floor of a floor of an open ,a floor of the floor 
a chair ,a wall of a person ,a bicycle ,a chair ,a back of a rug ,a bicycle ,a bicycle ,a microwave ,a bicycle ,a wall of wood 
